prediction_0_for_long_1_for_short,target
0.11779199,0
0.64544666,1
0.01214006,0
0.99840814,1
0.3939276,0
0.9712368,1
0.037172504,1
0.9973176,1
0.711326,1
0.00482316,0
0.85858357,1
0.0011339453,0
0.89889926,1
0.9878725,1
0.07624304,0
0.0048159603,0
0.9981004,1
0.9966834,1
0.6239637,1
0.039000288,0
0.043413367,0
0.99154776,1
0.010570858,0
0.99678755,1
0.581857,1
0.8543681,0
0.011750081,0
0.13065869,0
0.37180465,0
0.9981793,1
0.08461088,0
0.97881234,1
0.9992822,1
0.90398103,1
0.9066907,1
0.96844274,1
0.2597709,0
0.9458682,1
0.8958522,0
0.9996246,1
0.010543279,0
0.015478434,1
0.002111229,0
0.7495475,1
0.14920281,0
0.47232753,0
0.08920371,0
0.020278621,0
0.8864358,1
0.0011954062,0
0.35836315,0
0.94856846,1
0.5395534,1
0.65582955,1
0.074802,0
0.4219958,0
0.8262676,1
0.993305,1
0.5673207,0
0.9558752,1
0.9686414,1
0.9847393,1
0.9980551,1
0.99344885,1
0.34109294,0
0.13735774,0
0.16933765,1
0.3494941,1
0.019701466,0
0.37185574,0
0.9716691,1
0.95996267,1
0.05158154,0
0.16385499,0
0.98422164,1
0.0030970357,0
0.84116185,0
0.0040975236,0
0.65966433,1
0.017357918,0
0.019429792,0
0.9975133,1
0.9921912,0
0.90511894,1
0.02203308,0
0.77095926,1
0.067846976,0
0.99860513,1
0.0138805825,0
0.012954836,0
0.57993114,0
0.00797294,0
0.23425862,1
0.0061463704,0
0.997256,1
0.019260753,0
0.29850483,0
0.9547714,1
0.29119056,0
0.9835218,1
0.016666055,0
0.020074889,0
0.010234275,0
0.0050960453,0
0.020186607,0
0.0012352831,0
0.30445153,0
0.99759233,1
0.9784948,1
0.99102914,1
0.11852248,0
0.9556731,1
0.23551397,0
0.9772644,1
0.9788343,1
0.009378678,0
0.9751465,1
0.33792278,0
0.0071751317,0
0.924386,1
0.0027298138,0
0.9963282,1
0.9966755,1
0.032828316,0
0.97022027,1
0.66639924,1
0.9965826,1
0.99283534,1
0.405078,1
0.6137344,0
0.864293,1
0.040000282,0
0.050851144,1
0.0010905738,0
0.021110954,0
0.47155824,1
0.996181,1
0.9850853,1
0.28574014,0
0.015334474,0
0.0023136816,0
0.99890023,1
0.080386,0
0.9212435,0
0.023738276,0
0.21830145,0
0.25347924,0
0.99439585,1
0.038179256,0
0.97247565,1
0.028996151,0
0.021912789,0
0.8264226,1
0.046824012,0
0.8543149,1
0.0010209384,0
0.97769624,1
0.99925745,1
0.016726287,0
0.49630365,0
0.99904996,1
0.9854959,1
0.021423522,0
0.032039095,0
0.99923277,1
0.16728957,0
0.99592364,1
0.69417536,1
0.860287,1
0.9763509,1
0.0037461736,0
0.1590669,1
0.6782607,1
0.9781245,1
0.43787748,0
0.82454604,1
0.9753951,1
0.983719,1
0.9921365,1
0.94773597,1
0.950616,1
0.0023718523,0
0.99510574,1
0.9892586,1
0.99712193,1
0.9954745,1
0.38211685,0
0.9490444,1
0.002568899,0
0.42307025,0
0.9928935,1
0.991778,1
0.94624406,0
0.959921,1
0.6227192,0
0.01130582,0
0.9560029,1
0.7721393,1
0.0011994678,0
0.94755566,1
0.9989623,1
0.8254263,1
0.92129385,1
0.0029700384,0
0.9807156,1
0.0051254597,0
0.9395057,1
0.77072287,1
0.97791034,1
0.07291456,0
0.9960543,1
0.05002933,0
0.9312065,1
0.023890382,0
0.0037655693,0
0.010538604,0
0.007262867,0
0.6234335,1
0.0011914105,0
0.20939119,0
0.7725928,1
0.98807156,1
0.73778874,1
0.99313354,1
0.5718706,1
0.9958022,1
0.67467993,1
0.03656335,0
0.88969404,1
0.17558275,0
0.9397623,1
0.99730074,1
0.51275945,0
0.01463793,0
0.008859891,0
0.98961985,1
0.9920701,1
0.047017097,0
0.89101803,1
0.20751329,0
0.05786376,0
0.0065733446,0
0.9288767,1
0.0023479215,0
0.9992865,1
0.005814637,0
0.9816879,1
0.81748927,0
0.87522805,1
0.32982367,0
0.99950373,1
0.6224913,0
0.95794183,1
0.119359575,1
0.05431362,0
0.9992239,1
0.013538459,0
0.994652,1
0.9794653,1
0.86150485,1
0.11607615,0
0.95981103,1
0.17846766,0
0.2833527,0
0.5735586,1
0.9990605,1
0.99954396,1
0.07890391,0
0.9960488,1
0.005541071,0
0.20279476,0
0.7179948,0
0.77164775,0
0.93049514,1
0.9805912,1
0.03556323,0
0.5776575,1
0.6021513,1
0.29763055,0
0.19529122,1
0.99701643,1
0.04481519,0
0.8432294,1
0.004519076,0
0.021749094,0
0.40384594,0
0.03648161,0
0.0015942842,0
0.5707615,1
0.96209466,1
0.10527098,1
0.8979475,0
0.013783289,1
0.81352675,1
0.010648049,0
0.010374064,0
0.0052843182,0
0.011312959,0
0.92536056,1
0.9203436,1
0.994717,1
0.89133376,1
0.9970233,1
0.9941503,1
0.6369937,0
0.147463,0
0.40824324,1
0.008936671,0
0.7723472,1
0.9971508,1
0.93957937,1
0.99626875,1
0.9973774,1
0.007379337,0
0.033475537,0
0.0153719215,0
0.93554676,1
0.99666893,1
0.047219414,0
0.0011783796,0
0.9992458,1
0.4136514,0
0.040807966,0
0.9156043,1
0.011666088,0
0.01756549,0
0.015526372,0
0.982741,1
0.08697022,0
0.005978275,0
0.80414295,1
0.009830069,0
0.0015109472,0
0.9941524,1
0.9744013,1
0.0061149313,0
0.9327837,1
0.004993968,0
0.85273695,1
0.010836957,0
0.079623275,0
0.7000214,1
0.013224539,0
0.46817952,0
0.97952974,1
0.0030197506,0
0.9943546,1
0.016523262,0
0.48395014,0
0.9922212,1
0.15989257,0
0.10939194,1
0.69434005,1
0.00093689223,0
0.8112251,1
0.9986261,1
0.006121812,0
0.059415203,0
0.9903687,1
0.9986162,1
0.99644005,1
0.025452424,0
0.01716003,0
0.9790141,1
0.9864292,1
0.99548435,1
0.9380456,1
0.0062659318,0
0.78474027,1
0.9521844,1
0.9993968,1
0.99981993,1
0.0028008018,0
0.10772892,0
0.9376358,0
0.010159041,0
0.99655515,1
0.0027387126,0
0.9933031,1
0.9981686,1
0.011629847,0
0.94421893,1
0.9987748,1
0.99667835,1
0.004155877,0
0.021929733,0
0.072676145,0
0.022131985,0
0.999777,1
0.00865514,0
0.7490497,1
0.013493541,0
0.8519397,1
0.9699181,1
0.9522023,1
0.8826071,1
0.6653825,1
0.007921178,0
0.12757905,0
0.13608557,0
0.84861803,1
0.9665841,1
0.96000737,1
0.42466885,1
0.98360634,1
0.78973055,1
0.9816209,1
0.83919734,1
0.883073,0
0.56889623,1
0.4711771,1
0.9112197,1
0.036094982,0
0.82641375,1
0.03480884,0
0.991317,1
0.9947525,1
0.9413377,1
0.99891055,1
0.9758016,1
0.002992906,0
0.0062614856,0
0.00030688813,0
0.74511844,1
0.9626514,1
0.2026126,0
0.9976652,1
0.21762621,0
0.7050943,1
0.99504936,1
0.07302104,0
0.9933835,1
0.0016417619,0
0.99576724,1
0.5072976,1
0.0146596655,0
0.11527972,0
0.003032612,0
0.8707444,1
0.9981669,1
0.0034793876,0
0.9636861,1
0.9635146,1
0.002396415,0
0.6376315,1
0.7618275,1
0.9720415,1
0.99679816,1
0.08408014,0
0.99028695,1
0.99892414,1
0.78793526,0
0.31513542,1
0.9937109,1
0.590284,1
0.9878315,1
0.82760084,1
0.001607606,0
0.12940684,0
0.13342568,0
0.12571226,0
0.99965364,1
0.9227208,1
0.03218034,0
0.005061518,0
0.9917232,1
0.23264399,1
0.31757036,0
0.006178735,0
0.0009856955,0
0.084828384,0
0.17262071,1
0.06847536,1
0.9212829,1
0.6628903,0
0.90180504,1
0.06306376,0
0.8200674,1
0.78221846,1
0.8788246,1
0.8917472,1
0.6740926,1
0.13523257,0
0.72654116,0
0.020690706,0
0.010940485,0
0.40308657,0
0.9988564,1
0.99862844,1
0.40030313,0
0.054322105,0
0.5227318,1
0.99351645,1
0.82317704,1
0.54145515,0
0.019537281,0
0.98165464,1
0.073144145,0
0.8874965,1
0.97944415,1
0.74829465,1
0.7226902,0
0.044504687,0
0.048732787,0
0.15343319,0
0.8740794,1
0.04167194,0
0.9572016,1
0.003021583,0
0.029906318,0
0.33192942,0
0.56378335,0
0.74082243,1
0.9987078,1
0.9877924,1
0.005495997,0
0.99745834,1
0.99427474,1
0.6744379,1
0.013386418,0
0.9124311,1
0.022933068,0
0.99544513,1
0.90317965,1
0.95511436,1
0.9997241,1
0.07918192,0
0.0405277,0
0.109850265,0
0.003086181,0
0.9836358,1
0.19878246,0
0.9990474,1
0.028966207,0
0.45148677,0
0.9967987,1
0.101742074,0
0.37247032,0
0.99841964,1
0.0027656106,0
0.00051414856,0
0.99335754,1
0.9375288,1
0.49659258,1
0.0069701886,0
0.29619995,0
0.15986915,0
0.9896139,1
0.63168144,1
0.994676,1
0.12612249,0
0.05584819,0
0.015530708,0
0.027989853,0
0.997925,1
0.87232983,1
0.99918115,1
0.040009275,0
0.07723659,0
0.017044973,0
0.94899446,1
0.028311078,0
0.99188364,1
0.022578811,0
0.064460576,0
0.014362658,0
0.7675399,1
0.005636091,0
0.8918182,1
0.8551197,1
0.20522091,1
0.0036479295,1
0.003043594,0
0.99610585,1
0.19476077,1
0.96799004,1
0.83912814,1
0.8913723,1
0.9901782,1
0.5784027,1
0.9470819,1
0.9663769,1
0.22932224,1
0.9726664,1
0.99392873,1
0.034022484,0
0.9623836,1
0.94610035,1
0.7415775,1
0.99686015,1
0.28778744,1
0.038128283,1
0.24815905,0
0.910713,1
0.9988617,1
0.9814909,1
0.013203926,0
0.95219105,1
0.0015516166,0
0.98779786,1
0.83635724,1
0.037207395,0
0.9344699,1
0.9667983,1
0.3841539,0
0.9763919,1
0.0021348312,0
0.9855093,1
0.88785726,0
0.99369985,1
0.984594,1
0.9946834,1
0.19452421,0
0.994974,1
0.9935916,1
0.9897295,1
0.9947814,1
0.15947025,0
0.97722703,1
0.99836034,1
0.97209275,1
0.98984605,1
0.99923116,1
0.84159625,1
0.9926094,1
0.0013075828,0
0.87104017,1
0.99563026,1
0.9713317,1
0.36055854,1
0.68430203,1
0.80255014,1
0.9989193,1
0.728895,1
0.938183,1
0.39820158,1
0.79152036,1
0.67149186,1
0.8581401,1
0.0017787985,0
0.8587042,1
0.98928213,1
0.8389369,1
0.43441337,1
0.97211087,1
0.96552217,1
0.8714067,0
0.84934795,1
0.05678321,0
0.92150337,1
0.9918358,1
0.99574393,1
0.99714863,1
0.89306086,0
0.95832616,1
0.048733924,0
0.8690754,1
0.079146825,0
0.92838037,1
0.9948617,1
0.98705065,1
0.0007577192,0
0.002451128,0
0.92581177,1
0.15745072,1
0.7775698,1
0.92603743,0
0.9973835,1
0.9956745,1
0.6382652,1
0.92245007,1
0.8176843,1
0.99415743,1
0.006273742,0
0.88746434,1
0.1299533,0
0.03419121,0
0.0553223,0
0.11892857,0
0.16305576,0
0.00636557,0
0.98481166,1
0.98430145,1
0.77822524,0
0.9923571,1
0.065767914,0
0.030534884,0
0.0066351285,0
0.009222092,0
0.94951487,1
0.3936399,1
0.9983158,1
0.8142788,1
0.043414902,0
0.004715372,0
0.27581757,0
0.008330396,0
0.29569882,0
0.9231051,1
0.06560485,0
0.98029244,1
0.9984409,1
0.2265172,1
0.1123596,0
0.9556467,1
0.8915123,1
0.11777477,1
0.9809801,1
0.9720551,1
0.14233059,0
0.9303837,1
0.98514044,1
0.738176,1
0.9257452,1
0.024613226,0
0.99193716,1
0.93106043,1
0.004862039,0
0.54475564,0
0.07093259,1
0.99479276,1
0.23951285,0
0.08159575,0
0.16974747,1
0.9770892,1
0.4515584,0
0.059242852,0
0.2675749,0
0.99959964,0
0.008219534,0
0.08062411,0
0.0037987083,0
0.033166,0
0.0073339515,0
0.9920249,1
0.10270427,0
0.9887805,1
0.4462637,0
0.8388826,0
0.7928557,1
0.05763016,1
0.45960656,1
0.21767852,0
0.9873699,1
0.81094706,1
0.05392163,0
0.9826989,1
0.3023791,0
0.02351573,0
0.8921689,1
0.11285875,0
0.00317441,0
0.73263294,1
0.0032782662,0
0.9832798,1
0.9778215,1
0.046159443,0
0.9982728,1
0.5137925,1
0.6292693,1
0.9551193,1
0.4559632,1
0.7746952,1
0.030075258,0
0.9994216,1
0.067378625,0
0.98068696,1
0.9893128,1
0.8009454,1
0.17273995,1
0.023957519,0
0.026772952,0
0.8096218,1
0.004181599,0
0.37623096,0
0.7132853,1
0.96133626,1
0.0074473647,0
0.016481234,0
0.17817299,0
0.4323327,0
0.9947256,1
0.9984325,1
0.9675252,1
0.98416674,1
0.003485623,0
0.0912683,0
0.9878461,1
0.8918723,1
0.87335175,1
0.041289955,0
0.17852041,0
0.22158292,1
0.5139908,1
0.017417887,0
0.42863768,0
0.99694526,1
0.9433985,1
0.7204392,0
0.9178635,1
0.0033681884,0
0.96700656,1
0.47827703,0
0.014328355,0
0.65726006,1
0.9767049,1
0.90904695,1
0.13165952,0
0.9820072,1
0.058612354,1
0.9016679,1
0.054766744,0
0.054478575,0
0.042327907,0
0.99842185,1
0.34568557,1
0.974407,1
0.3938486,1
0.885358,1
0.04642438,0
0.9147496,1
0.3540019,0
0.67019886,0
0.74843436,1
0.007954214,0
0.99767005,1
0.35088706,1
0.79324275,1
0.07243918,0
0.030279899,0
0.98875463,1
0.20407405,0
0.0017660325,0
0.38373882,0
0.03649743,0
0.5065153,1
0.10899605,0
0.95020735,1
0.4416979,0
0.5330501,1
0.45024568,1
0.06816906,0
0.9375634,1
0.0027895693,0
0.93719256,1
0.016108686,0
0.38000634,1
0.005517384,0
0.17028107,0
0.6485328,0
0.5447015,0
0.26150867,0
0.98671466,1
0.8311213,1
0.020699117,0
0.1657878,0
0.9272255,1
0.9719288,1
0.8751855,1
0.98747575,1
0.010850203,0
0.8374529,1
0.12623182,0
0.9975459,1
0.67245317,1
0.99967,1
0.022080513,0
0.0030798144,0
0.9994628,1
0.031460147,0
0.95857966,1
0.30479994,1
0.008182583,0
0.9981345,1
0.76583797,1
0.9833852,1
0.09824234,0
0.70862484,1
0.013121173,0
0.23765068,0
0.17601603,0
0.016149191,0
0.9971191,1
0.1210194,1
0.9929916,1
0.9938432,1
0.9591516,1
0.9878443,1
0.9950503,1
0.6980845,1
0.42033738,0
0.8589109,1
0.9586418,1
0.014579174,0
0.98186934,1
0.99069345,1
0.9598788,1
0.026857102,0
0.16573264,0
0.7342977,1
0.9715066,1
0.0005359693,0
0.0007298646,0
0.7909899,1
0.28156278,0
0.9718138,1
0.99681747,1
0.8409009,0
0.0033097365,0
0.8959692,1
0.8252894,1
0.6823104,1
0.9934641,1
0.94162595,1
0.9937623,1
0.9974111,1
0.9413522,0
0.014709251,0
0.9965062,1
0.90526646,1
0.9953435,1
0.25016835,0
0.35551542,1
0.9992746,1
0.0014672322,0
0.99913055,1
0.95851994,1
0.998356,1
0.02003309,0
0.99894464,1
0.45193014,0
0.9992684,1
0.9891556,1
0.99423444,1
0.29455802,0
0.7923336,1
0.13260041,0
0.017252767,0
0.0007480084,0
0.45073986,1
0.0047768,0
0.21843687,0
0.004924924,0
0.9797656,1
0.9582569,1
0.1761777,0
0.8641542,1
0.98778856,1
0.9967755,1
0.0077962265,0
0.99491966,1
0.37719977,0
0.98940384,1
0.9930685,1
0.74964064,1
0.92439383,1
0.002425633,0
0.25337312,0
0.2587542,1
0.9957384,1
0.8234409,1
0.005974219,0
0.8583611,0
0.03104828,0
0.9960473,1
0.89616364,1
0.9046934,1
0.026380202,0
0.12861589,0
0.15335678,0
0.0008227571,0
0.9059571,1
0.9950911,1
0.8513487,1
0.9988698,1
0.9875821,1
0.9437083,1
0.9876984,1
0.97659,1
0.016699566,0
0.9176388,1
0.010872703,0
0.07573609,0
0.060306262,0
0.9993671,1
0.9993904,1
0.94112885,1
0.038469702,0
0.90439636,1
0.51419187,0
0.8855179,1
0.0026751398,0
0.8672401,0
0.22900112,0
0.9515235,1
0.1286743,0
0.8869383,1
0.3092705,0
0.7162196,1
0.042652905,0
0.8842479,1
0.9987356,1
0.9507672,1
0.019866573,0
0.997136,1
0.9309592,1
0.980477,1
0.18310708,0
0.99729216,1
0.47443467,1
0.94391096,1
0.93557835,1
0.98850536,1
0.12519825,0
0.011747817,0
0.35690323,0
0.022511678,0
0.9968193,1
0.39542624,1
0.9745976,1
0.052710403,0
0.0025503968,0
0.7505823,0
0.8319746,1
0.9497322,1
0.0016065578,0
0.8786529,1
0.98962295,1
0.24653812,0
0.9878496,1
0.66720915,1
0.5253394,0
0.9993528,1
0.0005908039,0
0.89570206,1
0.09465545,0
0.74809515,0
0.9941004,1
0.46478805,1
0.9968815,1
0.34303042,0
0.65213317,0
0.99386275,1
0.53266674,0
0.99600613,1
0.9977466,1
0.044618264,0
0.40481797,0
0.997444,1
0.15890372,0
0.66088384,1
0.01753102,0
0.0034651603,0
0.3171815,0
0.0072407043,0
0.0081027085,0
0.9892356,1
0.012189647,0
0.002249941,0
0.9982282,1
0.91840684,1
0.29029495,0
0.003353753,0
0.99692094,1
0.0069194967,0
0.48085627,1
0.9758285,1
0.99875754,1
0.99794036,1
0.0011428636,0
0.20913407,0
0.007717263,0
0.8460785,1
0.98962986,1
0.99303836,1
0.6498737,1
0.967306,1
0.2081506,1
0.9771841,1
0.9398422,1
0.99833786,1
0.9848386,1
0.10601406,0
0.0102011645,0
0.13635086,0
0.0014053067,0
0.99738485,1
0.9990013,1
0.9995268,1
0.4821915,1
0.04614498,0
0.2255741,0
0.0048235217,0
0.49896544,0
0.8058213,1
0.0012709413,0
0.024725357,0
0.019446462,0
0.9377801,1
0.21971457,0
0.07489856,0
0.9930126,1
0.5646919,1
0.95063686,1
0.029761534,0
0.3197168,1
0.849712,1
0.007795802,0
0.98347026,1
0.005238767,0
0.9776279,1
0.10688082,0
0.023269203,0
0.032796063,0
0.096807726,0
0.14785506,0
0.99646056,1
0.0064855563,0
0.90468013,1
0.1081018,0
0.99752253,1
0.9904774,1
0.59840864,1
0.004060251,0
0.9978868,1
0.9637769,1
0.99517745,1
0.99826086,1
0.1878347,1
0.98067874,1
0.9955759,1
0.06087511,0
0.6814421,1
0.91511667,1
0.52415925,0
0.5198,0
0.9549645,1
0.25309277,1
0.40957275,0
0.0034608156,0
0.5503994,1
0.9661787,1
0.0016461404,0
0.83779067,1
0.36763403,1
0.89913,0
0.97505605,1
0.9793598,1
0.07950818,0
0.66149753,1
0.6281131,0
0.016273368,0
0.8100902,1
0.07690597,0
0.9560649,1
0.8116206,0
0.0038504202,0
0.10975683,0
0.7809588,1
0.55233413,1
0.21756336,0
0.15690069,1
0.25043377,0
0.02083189,0
0.53922796,1
0.9743438,1
0.998536,1
0.9868678,1
0.8518053,1
0.01810793,0
0.019187212,0
0.993049,1
0.166846,1
0.54282874,1
0.48857182,0
0.13648672,0
0.05913487,0
0.6410565,1
0.99118245,1
0.67788935,1
0.2450768,0
0.9910649,1
0.95642745,1
0.97353876,1
0.039566096,0
0.27077287,1
0.45387465,0
0.0044024093,0
0.80620164,1
0.84076846,1
0.60031825,0
0.4679311,0
0.97097194,1
0.026090812,0
0.26285172,0
0.99310887,1
0.9780818,1
0.001196762,0
0.9908415,1
0.74415785,1
0.005528213,0
0.9006077,1
0.909428,1
0.15381876,1
0.0032784925,0
0.99690515,1
0.5525885,0
0.9953078,1
0.61738795,0
0.9673157,1
0.046955775,0
0.9956111,1
0.9986908,1
0.39603958,1
0.45972246,1
0.9933737,1
0.018698025,0
0.18426867,0
0.959355,1
0.9954518,1
0.014391693,0
0.4694813,0
0.9290968,1
0.045508705,0
0.043140266,0
0.45095903,1
0.99400395,1
0.9912089,1
0.98341435,1
0.90801543,1
0.035939336,0
0.85695124,1
0.9991372,1
0.46230435,1
0.17257415,0
0.005985179,0
0.010462937,0
0.9675306,1
0.5652534,1
0.014791653,0
0.07885149,0
0.0135264145,0
0.9936352,1
0.025463354,0
0.9802515,1
0.97752506,1
0.9607066,1
0.92992705,1
0.5601305,1
0.9871011,1
0.38169044,0
0.2909714,0
0.9591729,1
0.9457542,1
0.09148404,0
0.26787278,0
0.9991766,1
0.9665319,1
0.755114,1
0.48472443,1
0.9498197,1
0.9974656,1
0.017172186,0
0.28826684,0
0.8236682,0
0.05515013,0
0.9986889,1
0.2148304,1
0.9902929,1
0.0033490877,0
0.9260479,1
0.992785,1
0.9993843,1
0.39479575,1
0.99781144,1
0.9543487,1
0.8972887,1
0.96354806,1
0.00036399413,0
0.9744941,1
0.019072266,0
0.98307115,1
0.029584605,0
0.99586165,1
0.9899653,1
0.9977981,1
0.73697495,1
0.0020942092,0
0.6046861,0
0.98466426,1
0.046351347,0
0.0032542169,0
0.9623702,0
0.13513595,0
0.32289842,0
0.051123213,0
0.16706942,1
0.85574883,1
0.9990879,1
0.96921146,1
0.997966,1
0.14219525,0
0.99389803,1
0.7774549,0
0.9875182,1
0.9447956,1
0.026951503,0
0.91489935,1
0.99932206,1
0.99931395,1
0.7896608,1
0.009600294,0
0.0017353598,0
0.040785454,0
0.51329356,0
0.13538799,0
0.3460044,1
0.92429525,1
0.047171265,0
0.9808075,1
0.012993703,0
0.8192399,1
0.99624574,1
0.24096803,0
0.004612019,0
0.0037856125,0
0.0154832695,0
0.95895684,1
0.8589042,1
0.92689306,1
0.9892397,1
0.00055689167,0
0.9147609,1
0.9978676,1
0.080604605,0
0.009269524,0
0.9997112,1
0.4518865,1
0.99926126,1
0.004132594,0
0.9584471,1
0.99913055,1
0.005345266,0
0.02327433,0
0.84002364,1
0.27880925,0
0.0027038262,0
0.012204206,0
0.8888046,1
0.012637682,0
0.017816735,0
0.9975896,1
0.760878,1
0.89021254,1
0.9991848,1
0.07021498,0
0.8087511,1
0.9823457,1
0.997563,1
0.20734625,0
0.9946971,1
0.0038914036,0
0.92558134,1
0.84976214,0
0.029775787,0
0.74743444,1
0.13589221,0
0.98211414,1
0.99260795,1
0.21886542,0
0.9405367,1
0.7780022,1
0.99071103,1
0.7152972,1
0.9868125,1
0.8265829,1
0.96192056,1
0.99790776,1
0.9955331,1
0.009272857,0
0.054272402,0
0.9859735,1
0.0056199697,0
0.39014894,1
0.0422802,0
0.0029913608,0
0.8988433,0
0.020090574,0
0.5734993,1
0.33350545,0
0.8985127,1
0.6686026,0
0.9373504,1
0.97748005,1
0.98530024,1
0.9664895,1
0.9386234,1
0.9082061,1
0.003410992,0
0.38948047,0
0.0676416,0
0.99682605,1
0.9970459,1
0.9959043,1
0.62246597,0
0.97971076,1
0.9970647,1
0.0017000741,0
0.03616541,1
0.9913119,1
0.06944739,0
0.7669277,0
0.0023663673,0
0.9422453,1
0.23861161,0
0.7732053,0
0.9789008,0
0.54519856,1
0.007087876,0
0.029398385,0
0.9042637,1
0.9479083,1
0.9848965,1
0.026408931,0
0.0030736772,0
0.116362885,0
0.99370706,1
0.9915587,1
0.032786325,0
0.9960848,1
0.015416306,0
0.2917084,0
0.30049777,0
0.89525783,1
0.5298929,1
0.13244483,0
0.17297915,0
0.94906425,1
0.26245135,0
0.98520595,1
0.8096591,0
0.03015798,0
0.13567315,1
0.77821237,0
0.09079367,0
0.03361704,0
0.9973469,1
0.17744088,0
0.0013969104,0
0.1510893,0
0.40353674,1
0.6060458,0
0.9959133,1
0.12527989,0
0.8855268,1
0.98744214,1
0.97447044,1
0.011028253,0
0.122769095,1
0.0035754577,0
0.005198065,0
0.56387156,1
0.99512166,1
0.0029106059,0
0.045942232,0
0.22133045,0
0.033369724,1
0.052481055,0
0.13288534,0
0.904868,1
0.39409462,0
0.9551836,1
0.98736346,1
0.9943744,1
0.15372162,0
0.0071625947,0
0.9537302,1
0.9175612,1
0.0990895,0
0.70905405,0
0.9762804,1
0.9858829,1
0.12325461,0
0.9523619,1
0.0021340877,0
0.98421127,1
0.94007987,1
0.0013657802,0
0.008461995,0
0.00279327,0
0.9623963,1
0.012526451,0
0.9790026,1
0.012231005,0
0.64804786,1
0.8249978,1
0.56198406,1
0.9978429,1
0.14136836,0
0.9878272,1
0.8251675,1
0.9614175,1
0.7659215,1
0.075969785,0
0.20452753,0
0.992381,1
0.99577826,1
0.563438,0
0.35547274,0
0.020103391,0
0.17381792,0
0.32314155,0
0.8104698,1
0.98930186,1
0.48960286,0
0.06493625,0
0.82177126,1
0.99135077,1
0.97616005,1
0.67842853,1
0.9975727,1
0.9978401,1
0.9986191,1
0.02125256,0
0.88530385,1
0.99631464,1
0.045253288,0
0.9953908,1
0.98469436,1
0.010349831,0
0.143155,0
0.8473738,1
0.9512502,1
0.85233957,1
0.08399189,0
0.9355462,1
0.9836704,1
0.99599457,1
0.03339178,0
0.66527784,1
0.6681659,1
0.97479934,1
0.25719148,0
0.8304207,1
0.9566541,1
0.05001972,0
0.9361407,1
0.96194255,1
0.9917267,1
0.059854984,0
0.9732002,1
0.0045639924,0
0.9773134,1
0.018354481,0
0.0020029559,0
0.18361019,0
0.86765945,1
0.08852246,0
0.20343545,1
0.9617232,1
0.99925345,1
0.9990655,1
0.9927004,1
0.27482635,0
0.9461541,1
0.9971687,1
0.022665802,0
0.30786636,1
0.97217494,1
0.96960866,1
0.5832086,1
0.9393554,1
0.9967621,1
0.9861597,1
0.073800206,0
0.002882203,0
0.0064950353,0
0.97535545,1
0.9976865,1
0.8807281,1
0.04948984,0
0.0030765512,0
0.07289333,0
0.09627761,0
0.8049261,0
0.9460395,1
0.9836769,1
0.9998434,1
0.080899775,0
0.0008933962,0
0.069178686,0
0.9523176,1
0.26379943,0
0.012268571,0
0.28115645,1
0.99805593,1
0.99885845,1
0.88664645,1
0.9932974,1
0.003381669,0
0.95621365,1
0.88131696,1
0.005656394,0
0.9977375,1
0.9405345,0
0.44789243,1
0.9877118,1
0.0010139013,0
0.06179036,0
0.22976124,0
0.031412788,0
0.97183645,1
0.14049144,0
0.028559798,0
0.11239745,0
0.9830483,1
0.89487374,1
0.016064797,0
0.013343913,0
0.99370825,1
0.41471606,0
0.34520832,1
0.52399355,0
0.9469913,1
0.9597586,1
0.7991341,1
0.9990907,1
0.58446103,0
0.9745566,1
0.8939803,1
0.029520357,0
0.0028454617,0
0.017898358,0
0.007727808,0
0.03053374,0
0.8576271,1
0.34059957,0
0.46335882,0
0.99715865,1
0.9380876,1
0.99880517,1
0.9060589,1
0.13779722,0
0.9780637,1
0.9792843,1
0.9977867,1
0.8627944,1
0.5433746,0
0.071048774,0
0.19794038,0
0.98424244,1
0.072283745,0
0.99031055,1
0.024340486,0
0.99771154,1
0.013367507,0
0.93911856,1
0.99819773,1
0.0756807,1
0.99760085,1
0.110793844,0
0.98272026,1
0.8986887,0
0.8852026,1
0.9993771,1
0.48773235,0
0.001777767,0
0.022554401,0
0.9825493,1
0.11175416,0
0.9927937,1
0.16289692,0
0.2194955,0
0.81697655,1
0.0067379936,0
0.9371336,0
0.93924886,1
0.9975954,1
0.99874735,1
0.9101221,1
0.99284,1
0.7877411,0
0.04548339,0
0.0037968806,0
0.9909252,1
0.25208563,0
0.9987341,1
0.95058346,1
0.987926,1
0.18611082,0
0.025740165,0
0.021137994,0
0.8903516,1
0.011679709,0
0.12786779,0
0.46890545,0
0.9589715,1
0.99912816,1
0.9977816,1
0.9859638,1
0.9993191,1
0.99282706,1
0.87777364,1
0.99816334,1
0.06728788,1
0.8642103,1
0.008263255,0
0.045355223,0
0.9652878,1
0.23942594,0
0.02652984,0
0.8088347,1
0.09193861,0
0.9765605,1
0.99339694,1
0.03402819,0
0.997684,1
0.02125307,0
0.13200518,0
0.98160094,1
0.50359195,1
0.9966847,1
0.93335325,1
0.7643273,1
0.9909071,1
0.05481837,0
0.122180484,0
0.1911385,0
0.67598855,1
0.42016298,1
0.0049460544,0
0.6804934,1
0.3619879,1
0.97554094,1
0.06453961,0
0.09073743,0
0.009563684,0
0.9180366,1
0.9421137,1
0.97235143,1
0.94762975,1
0.00563883,0
0.24424072,0
0.98893625,1
0.9976677,1
0.0019069895,0
0.011881308,0
0.9914676,1
0.6345822,0
0.25023437,0
0.0026221466,0
0.62133765,1
0.0501884,0
0.114834264,1
0.9984395,1
0.99839437,1
0.0029162518,0
0.63537514,0
0.38110018,0
0.1167676,0
0.13773361,0
0.016310524,0
0.009899504,0
0.1762943,1
0.99915683,1
0.3524671,1
0.71714026,0
0.48612252,1
0.99931276,1
0.05713632,0
0.9958037,1
0.99861145,1
0.88096887,1
0.3222537,0
0.8753338,1
0.9810249,1
0.99217594,1
0.88409424,1
0.007001885,0
0.032876786,0
0.0038257283,0
0.52174884,0
0.99822444,1
0.07760605,0
0.38202983,0
0.51522636,0
0.99440813,1
0.719436,1
0.9993782,1
0.995052,1
0.120125435,0
0.2227103,0
0.9994327,1
0.24372712,0
0.98806924,1
0.15255107,0
0.044709507,0
0.019317776,0
0.9996115,1
0.2608872,0
0.41009656,0
0.26797688,0
0.38643637,1
0.42436877,1
0.011712588,0
0.07867466,0
0.14266974,0
0.00017203859,0
0.96772206,1
0.9506677,1
0.9902086,1
0.88935775,1
0.88842,1
0.96899384,1
0.87575805,1
0.64914155,0
0.94449586,1
0.87760484,1
0.0058703343,0
0.99379647,1
0.003828308,0
0.08567623,0
0.8413332,0
0.9977907,1
0.9979596,1
0.003175705,0
0.6456357,1
0.790443,0
0.04807536,0
0.039803952,0
0.0038712427,0
0.0015645422,0
0.92367184,1
0.385329,0
0.9847511,1
0.25729302,1
0.013051577,0
0.81093645,1
0.99738723,1
0.9957725,1
0.013375722,0
0.96705896,1
0.5124605,0
0.9728672,1
0.9429184,1
0.9916644,1
0.9920205,1
0.9996134,1
0.8441017,0
0.9926201,1
0.07417127,1
0.028457265,0
0.87598485,1
0.03969497,0
0.9967949,1
0.90154105,1
0.041483134,0
0.0024654944,0
0.2698702,0
0.15647887,0
0.010088777,0
0.9962703,1
0.03056686,0
0.017232165,0
0.9405452,1
0.6120839,1
0.9008396,1
0.045601353,0
0.9940386,1
0.078524664,0
0.37597722,0
0.96967447,1
0.13813244,0
0.5984247,0
0.011490961,0
0.99380684,1
0.0253373,0
0.38310465,0
0.2685616,0
0.0010861001,0
0.0033166788,0
0.98246735,1
0.9667986,1
0.9528219,1
0.94838655,1
0.56152356,0
0.33664945,0
0.81660855,0
0.42119497,1
0.7061995,1
0.009983042,0
0.98951846,1
0.999138,1
0.1595664,1
0.21421194,0
0.022021705,0
0.013944363,0
0.9636601,1
0.76551265,0
0.00033265946,0
0.9965666,1
0.89997596,0
0.9980782,1
0.713577,0
0.9966427,1
0.059204184,0
0.0076201423,0
0.8201914,1
0.83352673,1
0.05951167,0
0.12128466,0
0.007069928,0
0.8734268,1
0.99440515,1
0.018328398,0
0.2912955,1
0.024947919,0
0.9971132,1
0.99590874,1
0.9450186,1
0.1799104,0
0.04337122,0
0.9341575,1
0.9987197,1
0.042691942,0
0.99757874,1
0.15431237,1
0.9457432,1
0.013858056,0
0.76724154,1
0.0067351474,0
0.0011965272,0
0.14728506,0
0.15496631,0
0.22877975,0
0.9276716,1
0.90477073,1
0.99862766,1
0.2416776,0
0.29090214,1
0.2845699,0
0.007986676,0
0.15340438,0
0.15894483,0
0.84306204,1
0.9978801,1
0.99530727,1
0.1954137,0
0.8529526,1
0.9938361,1
0.056376386,0
0.9970471,1
0.9870855,1
0.7395754,0
0.42839035,0
0.9676582,1
0.9885279,1
0.66612756,1
0.0009780993,0
0.9850303,1
0.7782113,1
0.78601843,0
0.0055512013,0
0.8529261,1
0.00041961652,0
0.005129111,0
0.017414574,0
0.67552656,1
0.6136985,0
0.9993063,1
0.57014775,1
0.10391408,0
0.04420294,0
0.007063822,0
0.9970487,1
0.01467715,0
0.7768305,0
0.90000975,1
0.9768046,1
0.096562244,0
0.0060139396,0
0.081504725,1
0.8057033,1
0.9983691,1
0.13366711,0
0.013736188,0
0.9968292,1
0.94806767,1
0.99902964,1
0.008617515,0
0.5185774,1
0.991008,1
0.99792373,1
0.021950629,0
0.033418283,0
0.98146045,1
0.00051217707,0
0.92286456,1
0.9994092,1
0.8511545,1
0.13153492,0
0.99975425,1
0.57006717,1
0.022319525,0
0.09077946,0
0.5484122,0
0.05947429,0
0.9391905,1
0.9990455,1
0.9883648,1
0.9810909,1
0.9983617,1
0.01921731,0
0.95613205,1
0.22621575,1
0.98970616,1
0.7383797,1
0.07032211,0
0.1843243,1
0.9666034,1
0.46874374,1
0.9755476,1
0.659088,1
0.004849617,0
0.59700364,1
0.9482339,1
0.9873907,1
0.9971693,1
0.91891205,1
0.040722217,0
0.5715118,1
0.9983705,1
0.31448904,1
0.9225794,1
0.010023011,0
0.028600037,0
0.9250134,1
0.49577004,1
0.9077442,1
0.986138,1
0.36449513,1
0.50662476,1
0.002664192,0
0.9746459,1
0.9992507,1
0.99764836,1
0.99525803,1
0.0050349,0
0.0051654936,0
0.9881732,1
0.050860114,0
0.0013663586,0
0.044378128,0
0.6635869,1
0.14267914,0
0.7533217,1
0.825951,1
0.9959151,1
0.82970697,1
0.0063739633,0
0.13274223,0
0.56263995,0
0.96906817,1
0.0012953177,0
0.3496303,1
0.97247905,1
0.9561413,0
0.14546172,1
0.9239093,1
0.9871117,1
0.0045013404,0
0.9918744,1
0.9301537,1
0.58631104,0
0.44920477,1
0.9888669,1
0.9990824,1
0.9955475,1
0.051028132,0
0.118886575,0
0.9910396,1
0.7691068,1
0.116519675,0
0.052143253,0
0.99690056,1
0.029670406,0
0.017768502,0
0.43162578,1
0.038335852,0
0.9993528,1
0.99574196,1
0.5159849,0
0.006703009,0
0.008847573,0
0.37281907,0
0.009886659,0
0.06508568,0
0.024718568,0
0.120630406,0
0.0003534337,0
0.002146981,0
0.9741066,1
0.98382074,1
0.9960705,1
0.9634123,1
0.067096986,0
0.19100688,0
0.5950598,0
0.01779642,0
0.0053274524,0
0.9863777,1
0.8535608,1
0.0058664368,1
0.37607658,0
0.983216,1
0.61600184,1
0.9688837,1
0.4368194,1
0.8516396,1
0.9812578,1
0.021450508,0
0.89448225,1
0.9988411,1
0.000860125,0
0.975922,1
0.9979779,1
0.16438979,0
0.0388208,0
0.998109,1
0.79313374,1
0.0010587313,0
0.12995897,1
0.58461356,1
0.08401332,0
0.0014660514,0
0.04250526,0
0.0016387252,0
0.3755473,0
0.00806663,0
0.32150456,1
0.9520192,1
0.9956256,1
0.9993968,1
0.9897629,1
0.99337244,1
0.036941063,0
0.08279454,0
0.9921061,1
0.20910962,0
0.96884286,1
0.21304059,1
0.0051197493,0
0.99756825,1
0.42230368,1
0.99029386,1
0.14168552,0
0.030067777,0
0.6235682,0
0.10474855,0
0.5176623,1
0.40657616,1
0.96209717,1
0.9948591,1
0.9974886,1
0.1878992,0
0.0010803909,0
0.9926931,1
0.99908066,1
0.004632732,0
0.99900275,1
0.95951664,1
0.4751052,0
0.00862342,0
0.18653569,0
0.9987401,1
0.9980715,1
0.01827318,0
0.9500376,1
0.029811764,0
0.5258972,0
0.05693519,0
0.89940995,1
0.99576557,1
0.83363616,0
0.33344865,0
0.9773281,1
0.028984562,0
0.58847725,1
0.9995853,1
0.9463061,1
0.98045766,1
0.20841661,0
0.92896575,1
0.9968859,1
0.79466975,1
0.072920516,0
0.0014623641,0
0.940127,1
0.0069936616,0
0.99794644,1
0.99065197,1
0.9175571,1
0.966119,0
0.9884758,1
0.99816877,1
0.009179189,0
0.16513585,0
0.048745126,0
0.04420392,0
0.9904563,1
0.0026372743,0
0.14947788,0
0.3202607,0
0.6965838,1
0.99956053,1
0.26202112,0
0.87872964,0
0.0061918283,0
0.0024162233,0
0.2610385,0
0.006673023,0
0.1376818,0
0.89206535,1
0.2779548,0
0.9780091,1
0.9922201,1
0.9147912,1
0.014436267,0
0.9762639,1
0.05678432,0
0.7380802,0
0.006609273,0
0.03023589,0
0.0043591815,0
0.56207764,0
0.98704845,1
0.004557617,0
0.998755,1
0.88269174,1
0.99828637,1
0.16726953,0
0.980334,1
0.018836677,1
0.9711515,1
0.0012444278,0
0.16470157,0
0.99415696,1
0.99468696,1
0.026001226,0
0.9922303,1
0.99370277,1
0.99089015,1
0.9620088,1
0.93114674,1
0.99779284,1
0.0064961524,0
0.93453276,1
0.5681963,0
0.99385816,1
0.012988193,0
0.4342186,0
0.89831865,1
0.9994265,1
0.9946598,1
0.014135413,0
0.04636429,0
0.010894268,0
0.085679784,0
0.9982854,1
0.7253391,1
0.05683773,0
0.23777561,0
0.006608042,0
0.008332011,0
0.02396401,0
0.0021786047,0
0.0020589004,0
0.99835384,1
0.0045977794,0
0.27484092,1
0.2145119,1
0.9973936,1
0.017281735,0
0.016578866,0
0.98275244,1
0.74685514,0
0.95115507,1
0.6594136,1
0.009618287,0
0.99848425,1
0.019906234,0
0.025060717,0
0.09804431,0
0.77485055,0
0.99145204,1
0.20617954,1
0.14245571,0
0.1300385,0
0.99560815,1
0.0033334312,0
0.030407956,0
0.095967285,0
0.9380559,1
0.5588759,1
0.8715011,1
0.4869318,0
0.018760106,0
0.17898457,0
0.0024833763,0
0.04349886,0
0.6998413,0
0.009607215,0
0.9989182,1
0.0012842219,0
0.12951602,0
0.86954165,1
0.017947089,0
0.8451956,1
0.98522985,1
0.9995939,1
0.79309386,1
0.34995735,0
0.9239917,0
0.9922449,1
0.020264799,0
0.99559754,1
0.18129653,0
0.99768686,1
0.6046039,0
0.7398891,1
0.033754736,0
0.9842156,1
0.02249144,0
0.99894774,1
0.9800989,1
0.99935657,1
0.836957,1
0.7267188,1
0.5783401,1
0.0022643814,0
0.8543061,1
0.22489163,0
0.578834,0
0.12181012,0
0.97821057,1
0.23976247,0
0.9933318,1
0.4256081,0
0.9801277,1
0.022318013,0
0.54094034,1
0.50267565,1
0.0037475384,0
0.7506627,1
0.8169941,1
0.01325565,0
0.97964555,1
0.023077184,0
0.42500678,0
0.92447823,1
0.61558324,0
0.42879668,1
0.91226023,1
0.9907697,1
0.9977273,1
0.0016789552,0
0.909577,1
0.9817141,1
0.9912489,1
0.9970829,1
0.062228523,0
0.6856821,1
0.9989473,1
0.030128568,0
0.06341277,0
0.9926686,1
0.17892636,0
0.0032472413,0
0.0063534575,0
0.9977811,1
0.98441684,1
0.9499978,1
0.9333593,1
0.9953953,1
0.6071108,1
0.07638776,1
0.0026417773,0
0.16227433,0
0.55072415,0
0.004967545,0
0.59407157,1
0.96596545,1
0.38085365,0
0.00091603474,0
0.9177036,1
0.9572233,1
0.024934545,0
0.13080432,0
0.013193834,0
0.8576039,1
0.0031124388,0
0.8753985,0
0.27629513,0
0.048720453,0
0.17222367,0
0.007901526,0
0.93929416,1
0.07080762,0
0.7192448,1
0.022746071,0
0.7679169,1
0.9276228,1
0.062386684,0
0.20150931,0
0.005064182,0
0.48703766,1
0.15752758,1
0.9992801,1
0.99752027,1
0.020876763,0
0.120139375,0
0.36996675,0
0.87774163,1
0.98063385,1
0.9917202,1
0.91728437,1
0.004739078,0
0.99638176,1
0.74546546,1
0.97982466,1
0.7526137,1
0.9980823,1
0.02882639,0
0.03683856,0
0.08389524,0
0.9406395,1
0.8062768,1
0.59363496,1
0.049098086,0
0.0073089646,0
0.52865267,1
0.03889994,0
0.99916136,1
0.48719078,0
0.8434429,1
0.005159635,0
0.9087205,1
0.64797235,1
0.9126233,1
0.9678733,1
0.0033267285,0
0.014345793,0
0.0012006012,0
0.9710239,1
0.9624917,1
0.7682581,1
0.9936247,1
0.00710809,0
0.29995316,0
0.92178404,0
0.5306738,0
0.032215644,1
0.8494747,0
0.99140376,1
0.44330734,0
0.11802826,0
0.6439051,1
0.16270557,0
0.91136754,1
0.002413594,0
0.9995667,1
0.9971204,1
0.9984301,1
0.99733317,1
0.09261376,0
0.50949186,1
0.9983393,1
0.8833381,1
0.017542431,0
0.97778547,1
0.0067552077,0
0.15284206,0
0.19516577,0
0.9385947,1
0.18935478,0
0.9985086,1
0.91430986,1
0.4270771,0
0.27067325,0
0.08507683,0
0.022514636,0
0.9835846,1
0.9592391,1
0.9787649,1
0.99165934,1
0.96306765,1
0.6116123,1
0.5548463,1
0.83609754,0
0.004316612,0
0.0047135195,0
0.98985404,1
0.8101743,0
0.8433753,1
0.90069216,1
0.81824434,1
0.8513158,1
0.9277015,1
0.06623594,1
0.4859182,1
0.8664813,1
0.9898693,1
0.67506623,1
0.7392505,0
0.91888034,1
0.19600818,0
0.8188487,1
0.7222631,1
0.012619892,0
0.29045114,1
0.9881202,1
0.9550892,1
0.0034925614,0
0.95243037,1
0.037722457,0
0.004314059,0
0.0052014072,0
0.65428144,0
0.100911364,0
0.04861045,0
0.30946112,0
0.014469547,0
0.9098102,1
0.98283947,1
0.12668234,1
0.99867266,1
0.18126827,0
0.960672,1
0.36878034,0
0.9046572,1
0.99934447,1
0.93733275,0
0.038004197,0
0.9995968,1
0.9912842,1
0.070655,0
0.0020605675,0
0.01974654,0
0.9978939,1
0.95211256,1
0.99137735,1
0.9122968,1
0.96691227,1
0.017261988,0
0.97589433,1
0.1695651,0
0.047509097,0
0.99470675,1
0.9983982,1
0.5619964,0
0.9936887,1
0.994912,1
0.95428646,0
0.90990907,1
0.004736005,0
0.9609004,1
0.8314646,0
0.0814257,0
0.009797569,0
0.07184289,0
0.32218722,0
0.050053306,0
0.9941842,1
0.11235883,0
0.74414223,1
0.25340313,1
0.17363848,0
0.97447234,1
0.036409292,0
0.011293168,0
0.89228153,1
0.0065963017,0
0.9967804,1
0.9888712,1
0.9944016,1
0.16138038,0
0.037637107,0
0.3512428,1
0.8324827,1
0.24983816,0
0.750594,0
0.1797858,0
0.95092857,1
0.054043405,0
0.018108211,0
0.99622476,1
0.9961613,1
0.92705715,1
0.89831865,1
0.8650463,1
0.99513876,1
0.480733,1
0.56997365,0
0.81606257,0
0.071252234,0
0.9863219,1
0.99634343,1
0.9989403,1
0.67893434,1
0.9872335,1
0.9972979,1
0.32482868,0
0.32867414,0
0.77276677,1
0.9611595,1
0.0035274017,0
0.18998387,0
0.9260294,0
0.009307414,0
0.4883214,1
0.07568943,1
0.022942824,0
0.9709567,1
0.9873932,1
0.9991315,1
0.9321774,1
0.98039925,1
0.99726945,1
0.19118357,1
0.0024837046,0
0.14634436,1
0.99715483,1
0.042411476,0
0.10906951,0
0.36873105,0
0.9868038,1
0.974656,1
0.26847392,0
0.25604394,0
0.0017390961,0
0.15530868,0
0.805559,1
0.434489,0
0.9903175,1
0.87488186,0
0.98285043,1
0.17670968,0
0.0007568432,0
0.989456,1
0.9413663,1
0.7178367,0
0.99762976,1
0.110223316,0
0.0430126,0
0.003739255,0
0.48931703,0
0.19504504,0
0.95554507,1
0.49455103,0
0.94878066,1
0.0008103525,0
0.79647744,1
0.9538406,1
0.01273299,0
0.98386925,1
0.0049544694,0
0.55067277,0
0.91471785,1
0.9965757,1
0.9417836,1
0.8314989,1
0.91304207,1
0.013721662,0
0.1893307,0
0.0016276436,0
0.0068778954,0
0.46902665,1
0.9994281,1
0.0063142655,0
0.0060595777,0
0.9132581,1
0.018138813,0
0.0020631263,0
0.0078116,0
0.26466557,1
0.00057825324,0
0.023413248,0
0.0065287934,0
0.3169146,0
0.000605539,0
0.97593194,1
0.67021227,0
0.7609322,0
0.06572049,0
0.98848593,1
0.99737203,1
0.92241174,1
0.8062447,1
0.042884506,0
0.744618,1
0.77216625,0
0.7017983,1
0.9982702,1
0.9917768,1
0.8271305,1
0.99618644,1
0.52597886,1
0.9906899,1
0.22853498,1
0.9121094,1
0.9983365,1
0.24754998,0
0.012226,0
0.99906576,1
0.039532177,0
0.9886745,1
0.116775736,0
0.010579464,0
0.00069743063,0
0.6427824,0
0.07269543,0
0.660431,1
0.9944523,1
0.059402697,0
0.8986147,1
0.0018708879,0
0.94178784,1
0.97609174,1
0.9943479,1
0.9695662,1
0.9693508,1
0.5492897,0
0.9699346,1
0.9123171,1
0.86347216,1
0.13519937,0
0.0022279953,0
0.039689716,0
0.025719022,0
0.9412817,1
0.20221868,1
0.9976395,1
0.9833174,1
0.122332074,0
0.99661285,1
0.24657135,0
0.98678863,1
0.7503673,1
0.07941917,1
0.9703552,1
0.32709292,0
0.34629413,1
0.062443875,0
0.9959925,1
0.99720037,1
0.26933736,1
0.99569845,1
0.96762913,1
0.09894988,0
0.0073806187,0
0.9604084,1
0.0471788,0
0.9992654,1
0.017489497,0
0.013170655,0
0.9964199,1
0.9990651,1
0.012738667,0
0.5187808,0
0.9897849,1
0.97718585,1
0.071888596,1
0.3332335,0
0.7451094,1
0.47598392,1
0.99509275,1
0.7021867,1
0.91003716,1
0.9993557,1
0.021792118,0
0.006595377,0
0.73931944,1
0.11908891,0
0.016556306,0
0.98253953,1
0.029339263,0
0.99494153,1
0.32966173,1
0.9412389,1
0.033077117,0
0.9924453,1
0.9931916,1
0.9987086,1
0.21933503,0
0.9804047,0
0.7881171,1
0.99298275,1
0.11234393,0
0.052093662,0
0.31526524,0
0.133403,0
0.077141576,0
0.09403703,0
0.035640657,0
0.9954122,1
0.7602956,1
0.99906766,1
0.75093997,0
0.9914581,1
0.9846777,1
0.29631755,0
0.006376905,0
0.35977763,0
0.9994156,1
0.9188798,1
0.004775297,0
0.9758684,1
0.88150185,1
0.9968053,1
0.47121358,0
0.012208782,0
0.0013967461,0
0.994295,1
0.028355647,0
0.15326753,0
0.0012984687,0
0.99482155,1
0.18952952,0
0.8684823,1
0.99473476,1
0.9919922,1
0.007665208,1
0.01128991,0
0.9525405,1
0.09100626,1
0.9181442,1
0.9988268,1
0.98525256,1
0.9955223,1
0.012025726,0
0.2871581,0
0.023668218,1
0.81306636,0
0.13270119,0
0.9160099,1
0.034130298,0
0.9925591,1
0.40993723,1
0.66979223,1
0.096685275,0
0.9403332,1
0.014007354,0
0.9866605,1
0.058454473,0
0.18183315,1
0.37386394,0
0.016018253,0
0.95931685,1
0.9678305,1
0.83360034,1
0.5096468,1
0.24079743,0
0.9472871,1
0.9945386,1
0.0040808,0
0.9974324,1
0.75081176,0
0.87138253,1
0.99953157,1
0.7046871,0
0.033274893,0
0.9986254,1
0.58395797,0
0.061188597,0
0.8812006,1
0.99951446,1
0.21115759,0
0.955332,1
0.019735884,0
0.7620885,1
0.9867476,1
0.81773126,1
0.9718584,1
0.99734557,1
0.04358679,0
0.9915067,1
0.9298072,0
0.018300809,1
0.45314327,1
0.9967108,1
0.03637629,0
0.06743798,0
0.99676406,1
0.9978607,0
0.99874914,1
0.9845542,1
0.35569757,0
0.9757222,1
0.83512986,1
0.8267047,1
0.9335825,1
0.797511,1
0.9971007,1
0.16874906,0
0.75444895,0
0.9960207,1
0.019745374,0
0.9948066,1
0.2572625,1
0.29921064,0
0.9569909,1
0.20038995,0
0.054424502,0
0.9129966,1
0.84491605,0
0.20244917,1
0.0013771291,0
0.007977203,0
0.022093099,0
0.6680038,0
0.8344997,1
0.75122243,1
0.8561943,1
0.93877965,1
0.46024352,1
0.17145191,0
0.015175995,0
0.20583066,0
0.0022759053,0
0.9149004,1
0.899768,1
0.9935511,1
0.006879003,0
0.0013687414,0
0.9498671,0
0.00814441,0
0.8610076,0
0.18142492,0
0.97833884,1
0.97883093,1
0.69493353,1
0.0049451482,0
0.9918955,1
0.9888075,1
0.0015634246,0
0.2520952,1
0.0064291684,0
0.99311054,1
0.99635804,1
0.9966728,1
0.09735957,1
0.94973624,1
0.7884265,1
0.006943769,0
0.0359501,0
0.9985819,1
0.18218508,0
0.6363876,1
0.9842003,1
0.17567585,1
0.076301984,0
0.022151157,0
0.7745109,1
0.8049925,1
0.020379676,0
0.26649585,0
0.26338136,1
0.4251017,0
0.939122,1
0.99856675,1
0.1745808,0
0.9871701,1
0.91348875,1
0.9761418,1
0.9937066,1
0.19856258,0
0.99828947,1
0.012676677,0
0.8525364,1
0.9338478,1
0.17857474,1
0.9944762,1
0.9846407,1
0.016498966,0
0.5946593,1
0.00088650396,0
0.6394375,1
0.97173893,0
0.9919006,1
0.052977562,0
0.21119292,0
0.40395007,1
0.9978868,1
0.9478365,1
0.018110162,0
0.0020520713,0
0.73710203,1
0.10321714,0
0.906452,1
0.7667498,0
0.0016895377,0
0.99928415,1
0.9981061,1
0.002013447,0
0.012752402,0
0.9995753,1
0.87539065,0
0.1697973,0
0.558932,1
0.6574018,1
0.7505846,0
0.0769817,0
0.98863107,1
0.99628866,1
0.73221946,1
0.9780799,1
0.06611465,0
0.06818408,0
0.021810984,0
0.77122897,0
0.014694917,0
0.9796196,1
0.990506,1
0.999531,1
0.9991968,1
0.95518696,1
0.10065074,0
0.12542032,0
0.9634787,1
0.56812197,1
0.9984411,1
0.72403854,1
0.73172283,1
0.8078755,1
0.97033423,1
0.9760811,1
0.9717754,1
0.58716035,1
0.60655385,1
0.9762433,1
0.05951504,0
0.5563124,0
0.9991883,1
0.056765515,0
0.14938918,0
0.29441515,1
0.2541869,0
0.58814126,0
0.0022355532,0
0.99824536,1
0.42247662,0
0.9990185,1
0.042714186,0
0.9161118,1
0.0004619023,0
0.85354346,1
0.001262048,0
0.5684149,1
0.4191617,0
0.9981779,1
0.9944561,1
0.003694585,0
0.007466691,0
0.0105275065,0
0.8546864,0
0.13756011,0
0.3717994,1
0.0010026844,0
0.99866945,1
0.32773182,0
0.50749516,1
0.9986412,1
0.99963534,1
0.0025814811,0
0.9890434,1
0.8962919,1
0.42028004,0
0.0033008344,0
0.7988414,1
0.9655787,1
0.9975339,1
0.9579113,1
0.08983828,0
0.8624347,1
0.8259487,0
0.11954776,0
0.99239624,1
0.985751,1
0.9123147,1
0.0010483379,0
0.9876167,1
0.9928597,1
0.09778302,0
0.01159582,0
0.99326193,1
0.16632931,0
0.08371639,0
0.014177804,0
0.8644633,1
0.40463847,0
0.009316129,0
0.8242071,0
0.9926983,1
0.1471182,0
0.32029253,0
0.7935319,1
0.00860024,0
0.98929006,1
0.09500535,0
0.9979521,1
0.99562466,1
0.94895476,1
0.018160107,0
0.9886743,1
0.0057324776,0
0.007284014,0
0.94530183,1
0.2423431,0
0.04103652,0
0.008699603,0
0.7269148,0
0.19753274,0
0.91587657,1
0.9453887,1
0.9934618,1
0.9959451,1
0.034814283,0
0.99272263,1
0.00082043314,0
0.0057758745,0
0.002193953,0
0.99834174,1
0.9949664,1
0.035012983,0
0.03624045,0
0.95418566,1
0.46560678,1
0.92839515,1
0.9916422,1
0.99116594,1
0.98802006,1
0.7965939,1
0.75321287,1
0.025871342,0
0.96831113,1
0.4969016,1
0.9922288,1
0.9865486,1
0.01888061,0
0.15963219,0
0.84292996,1
0.9969751,1
0.9718858,1
0.99429226,1
0.36754122,0
0.05646182,0
0.116579115,0
0.0037903215,0
0.99686545,1
0.86047065,1
0.012624438,0
0.83294404,1
0.0008978603,0
0.7416656,1
0.023656873,1
0.9992994,1
0.0010911189,0
0.99482834,1
0.025983647,0
0.9822072,1
0.9196817,1
0.9897188,1
0.8344585,1
0.25608158,1
0.9929217,1
0.084310405,0
0.99855936,1
0.99682677,1
0.009982707,0
0.006189742,1
0.7780159,1
0.976647,1
0.23741361,0
0.01014537,0
0.9672529,1
0.9987763,1
0.9983681,1
0.016314732,0
0.017890105,0
0.9942748,1
0.011058041,0
0.28862235,0
0.052147202,0
0.015896043,0
0.15213524,0
0.056703817,0
0.6260358,0
0.30007866,0
0.66456366,0
0.0002274828,0
0.002487657,0
0.06551847,0
0.47492224,1
0.99945796,1
0.99512255,1
0.9928905,1
0.91306067,1
0.0071970792,0
0.00492423,0
0.9981891,1
0.9527426,1
0.017944718,0
0.7864789,0
0.002480328,0
0.99367225,1
0.99887335,1
0.98071575,1
0.8821808,1
0.045455713,1
0.035387415,0
0.019636348,0
0.03247516,0
0.7794542,1
0.7631061,0
0.013760467,0
0.036611088,0
0.0044772555,0
0.9973587,1
0.11482789,0
0.045428995,0
0.9729355,1
0.9750711,1
0.99386656,1
0.0027706889,0
0.02728488,0
0.27876964,0
0.55911404,1
0.80438364,1
0.07677875,0
0.100100674,0
0.9940821,1
0.5870964,0
0.28937587,0
0.0017937014,0
0.99727523,1
0.94377196,1
0.9815732,1
0.15648705,1
0.84306395,0
0.8340317,0
0.7068815,1
0.9984077,1
0.9888123,1
0.024474114,0
0.93119895,1
0.9861032,1
0.114493534,0
0.0062778434,0
0.01790879,1
0.99046594,1
0.99733293,1
0.009670001,0
0.82564753,1
0.009489478,0
0.9966799,1
0.9972347,1
0.0040054377,0
0.9911789,1
0.00058110163,0
0.09331509,0
0.029396508,0
0.8788954,0
0.2597312,0
0.20123336,0
0.8579308,1
0.90334576,1
0.98925316,1
0.004977334,0
0.8022583,1
0.017660992,0
0.0075580426,0
0.13444644,0
0.9828514,1
0.022820536,0
0.0026218249,0
0.013306616,0
0.9977776,1
0.5632231,1
0.8588287,1
0.9968661,1
0.89947337,1
0.28894553,0
0.9932202,1
0.018678023,0
0.14946906,0
0.96340865,1
0.8173979,1
0.8109919,1
0.14465973,1
0.13179794,1
0.8804811,1
0.21451971,0
0.021901472,0
0.9101547,1
0.73614454,1
0.9828569,1
0.021356616,0
0.0021699623,0
0.040246624,0
0.020920094,0
0.00216693,0
0.9341547,1
0.8081096,1
0.13239169,0
0.98768365,1
0.074018374,0
0.0621366,0
0.9193905,1
0.9985135,1
0.9853581,1
0.046943065,0
0.4137351,1
0.96662027,1
0.0864378,0
0.8972899,1
0.5215205,0
0.64738834,0
0.04197099,0
0.9948145,1
0.9976281,1
0.010264009,0
0.8585165,1
0.9133237,1
0.03135233,0
0.06817704,0
0.23558149,0
0.02597643,0
0.41796294,1
0.9966775,1
0.1794575,1
0.9956461,1
0.997836,1
0.99837637,1
0.20451412,0
0.6743748,1
0.6952429,1
0.098114446,0
0.82891923,1
0.0050877235,0
0.0066520274,0
0.9820467,1
0.0016329063,0
0.99656713,1
0.10081627,0
0.017511846,0
0.7580582,1
0.95871896,1
0.95911485,1
0.93607616,1
0.9113587,1
0.98617285,1
0.048331827,1
0.999025,1
0.913329,1
0.96914876,1
0.9982625,1
0.3741832,1
0.021356506,0
0.98764074,1
0.40581375,0
0.6754627,1
0.5581966,0
0.030316096,0
0.05241049,0
0.0081322715,0
0.0007829723,0
0.011699823,0
0.99687254,1
0.0043064607,0
0.9436823,1
0.005111709,0
0.9806839,1
0.6309776,1
0.4369226,0
0.99893725,1
0.95627326,1
0.9988555,1
0.99827516,1
0.027403235,0
0.6044894,1
0.0029959932,0
0.58405095,1
0.9966079,1
0.23165143,1
0.9962839,1
0.5479458,0
0.886888,1
0.017123075,1
0.018953266,0
0.026244406,0
0.990522,1
0.5327907,1
0.99282056,1
0.018448893,0
0.8652388,1
0.52667993,0
0.9715039,1
0.73213303,1
0.0021841896,0
0.99747884,1
0.9719244,1
0.9944463,1
0.101579785,1
0.9895917,1
0.23308723,0
0.99299157,1
0.53710103,1
0.0046030064,0
0.050992437,0
0.9955314,1
0.5593487,0
0.23679867,0
0.9666611,1
0.52149457,1
0.9826226,1
0.36833808,0
0.9706745,1
0.004024582,0
0.86630076,0
0.9979164,1
0.98920316,1
0.99574554,1
0.86030066,1
0.88991994,1
0.0058608386,0
0.99788314,1
0.9832157,1
0.9941738,1
0.99090415,1
0.025693992,0
0.9374243,1
0.993754,1
0.5467345,0
0.9730927,1
0.9926654,1
0.85595244,1
0.9993461,1
0.99885285,1
0.9890474,1
0.99525183,1
0.99904615,1
0.93578875,1
0.6919486,1
0.026648065,0
0.9682131,1
0.98539495,1
0.46760854,1
0.0034535073,0
0.05289165,0
0.9753292,1
0.009690737,0
0.01194538,0
0.64498866,1
0.9809824,1
0.05257509,0
0.44016045,0
0.0349737,0
0.7348429,1
0.9758543,1
0.9987117,1
0.9964188,1
0.9820307,1
0.0049181124,0
0.99691725,1
0.9882658,1
0.14304218,1
0.06103719,0
0.97506917,1
0.99325734,1
0.9904047,1
0.002727482,0
0.46259445,0
0.69900835,1
0.0379738,0
0.00070298795,0
0.086000174,0
0.19825682,0
0.8276356,0
0.61091053,0
0.1832038,1
0.9967335,1
0.83868283,1
0.9681131,1
0.0018611371,0
0.9839139,1
0.96620286,1
0.56055075,1
0.22500105,0
0.6442495,1
0.7288224,1
0.9937738,1
0.059129495,1
0.22724275,0
0.9939359,1
0.009245024,0
0.9512795,1
0.98160285,1
0.21901882,0
0.07138333,0
0.99512947,1
0.22602303,0
0.9375393,1
0.95995724,1
0.97714555,1
0.7534121,0
0.33453506,0
0.76636386,1
0.32150543,0
0.9849973,1
0.30304968,0
0.079878144,0
0.3142886,0
0.9501225,1
0.9653567,1
0.8765227,1
0.0030758963,0
0.29449922,0
0.96905077,1
0.25469816,1
0.9569513,1
0.030276429,0
0.012969667,0
0.0034758183,0
0.9594115,1
0.004280738,0
0.99237317,1
0.99851817,1
0.8468057,1
0.15761526,0
0.9972435,1
0.35656464,0
0.059010737,0
0.9978976,1
0.98608845,0
0.0058429074,0
0.91673774,0
0.0368486,0
0.45627537,0
0.020606633,0
0.03213624,0
0.017820273,0
0.47896248,0
0.0022548437,0
0.7985958,1
0.24717963,1
0.9969103,1
0.16726062,0
0.9918173,1
0.10048789,0
0.008692299,0
0.0039425762,0
0.8785826,1
0.027429694,0
0.98655236,1
0.82278216,1
0.009537176,0
0.87846386,0
0.00066380104,0
0.99786204,1
0.0033918344,0
0.9983538,1
0.23573443,0
0.61517096,0
0.92539006,1
0.9979906,1
0.090219975,0
0.99402446,1
0.9955096,1
0.27989113,1
0.9992153,1
0.059402026,0
0.00066674396,0
0.023711506,0
0.031022554,0
0.7590922,0
0.63930964,0
0.19273853,0
0.9939183,1
0.9938973,1
0.9994092,1
0.29695413,0
0.077881716,0
0.99506396,1
0.9722082,1
0.99569094,1
0.9899681,1
0.65306306,1
0.46516815,1
0.8085209,1
0.26901108,0
0.9888841,1
0.9841217,1
0.059050538,0
0.70591176,1
0.9129462,1
0.9860554,1
0.31083435,0
0.9706028,1
0.9994892,1
0.9556568,1
0.48175663,0
0.97035515,1
0.025896449,0
0.9880393,1
0.99763507,1
0.9867033,1
0.99233645,1
0.0028214024,0
0.7976796,1
0.9767579,1
0.018490434,0
0.19526815,0
0.87986183,0
0.17639336,0
0.0019379653,0
0.0033503692,1
0.97377044,1
0.9988617,1
0.43586197,1
0.9867176,1
0.6757613,0
0.018154861,0
0.02423154,0
0.9936085,0
0.23522484,1
0.018870434,0
0.027967107,0
0.0013023403,0
0.9079565,1
0.9578371,1
0.9227005,1
0.013538891,0
0.090822585,0
0.9849326,1
0.60046715,1
0.2384017,0
0.9980246,1
0.9951113,1
0.9292022,1
0.3868517,1
0.97992307,1
0.25626078,0
0.9282322,1
0.989476,1
0.9944514,1
0.99822223,1
0.019380488,0
0.94696,1
0.97755134,1
0.99894685,1
0.99732417,1
0.9938113,1
0.0007429233,0
0.032120083,0
0.3690591,0
0.111906365,0
0.9398882,1
0.39752012,1
0.939566,1
0.68811154,0
0.948253,1
0.99216926,1
0.9973575,1
0.90471745,1
0.06515673,0
0.18441102,1
0.0429076,0
0.08262727,0
0.16440369,0
0.9741537,1
0.73751557,1
0.44940123,0
0.9360348,1
0.02578123,0
0.9552635,1
0.99647886,1
0.07751834,0
0.861796,1
0.6240351,0
0.9668418,1
0.027108585,0
0.9959401,1
0.99956816,1
0.0063425363,0
0.6692775,1
0.99930304,1
0.7422267,1
0.9681839,1
0.9828054,1
0.8948966,1
0.9822357,1
0.9933303,1
0.71982926,0
0.2628073,0
0.99560916,1
0.039813057,0
0.8980912,1
0.7114639,1
0.9785665,1
0.9979037,1
0.9841744,1
0.011985201,0
0.9821709,1
0.29919794,1
0.9543413,1
0.42370597,0
0.9502212,1
0.9949568,1
0.007966304,0
0.0059817163,0
0.014087768,0
0.17307504,0
0.9090189,1
0.9919306,1
0.0025243955,0
0.37375745,0
0.14303768,0
0.9951617,1
0.003499008,0
0.060562767,1
0.03197987,0
0.9851834,1
0.9992773,1
0.9951092,1
0.120780036,0
0.9493865,1
0.0009378747,0
0.002272694,0
0.97918636,1
0.99224603,1
0.04667231,0
0.94873846,1
0.0007203319,0
0.019438457,0
0.9327227,1
0.0030907467,0
0.004209895,0
0.002375486,0
0.28941423,0
0.6428184,1
0.008621007,0
0.0872235,0
0.044987783,0
0.10624625,0
0.0028955524,0
0.18112047,0
0.8749178,1
0.88501585,1
0.0026441303,0
0.90539724,1
0.013171273,0
0.99879396,1
0.69950944,1
0.83267957,1
0.6357337,0
0.21663181,0
0.016298778,0
0.94370973,1
0.99509746,1
0.9753025,1
0.017169772,0
0.4347785,0
0.012450017,0
0.9713429,1
0.98896235,1
0.017452057,0
0.99527663,1
0.5661651,1
0.0021769644,0
0.9486414,1
0.99387056,1
0.99958766,1
0.07403696,0
0.5796392,1
0.98656,1
0.97026795,1
0.15991901,0
0.5559395,0
0.010669918,0
0.99677265,1
0.21902075,0
0.9669361,0
0.457611,0
0.9927865,1
0.99153215,1
0.8341648,1
0.00091534556,0
0.9960648,1
0.9842226,1
0.022504779,0
0.15959361,0
0.9984037,1
0.99396956,1
0.012988004,0
0.018023672,0
0.014524171,0
0.0028433464,0
0.097664684,0
0.7867808,1
0.9994632,1
0.028804649,0
0.76026094,1
0.0039003114,0
0.012706553,0
0.47565383,1
0.1380499,1
0.96274817,1
0.01690796,0
0.8901242,1
0.8844272,0
0.53300965,1
0.72654265,1
0.9995252,1
0.0013087565,0
0.07697103,0
0.031219348,0
0.7087816,1
0.9730175,1
0.8858116,1
0.8737196,1
0.0015016483,0
0.44750398,0
0.9869445,1
0.15918939,0
0.061261553,0
0.47700816,1
0.016287511,0
0.08712339,0
0.98680973,1
0.24308547,0
0.47187752,0
0.0053985035,0
0.9399872,0
0.9576233,0
0.99395895,1
0.015178141,0
0.111051604,0
0.9170791,1
0.73464155,1
0.0059458897,0
0.9985076,1
0.30718476,1
0.0012806789,0
0.052191336,0
0.002721345,0
0.4755823,0
0.3669131,0
0.41666526,0
0.9997389,1
0.98028976,1
0.9824151,1
0.99443406,1
0.0018217858,0
0.041023586,0
0.01194286,0
0.018247006,0
0.0026279206,0
0.39097092,0
0.029563073,0
0.03223409,0
0.15859212,0
0.98275775,1
0.66876245,1
0.982079,1
0.9841382,1
0.10297315,0
0.96333945,0
0.7187929,1
0.9434245,1
0.36162713,0
0.9972488,1
0.13451731,0
0.9985102,1
0.9157958,1
0.0010138854,0
0.013278085,0
0.54056656,1
0.0004266983,0
0.06683344,0
0.9555416,1
0.1657576,0
0.45741826,1
0.67514384,1
0.9276697,1
0.9968561,1
0.8068959,0
0.9877945,1
0.96089756,1
0.9998067,1
0.9987024,1
0.028533006,0
0.9981654,1
0.9992607,1
0.83395946,1
0.95116293,1
0.8566855,1
0.4396065,1
0.016805254,0
0.9716137,1
0.59406686,0
0.012622543,0
0.064182974,0
0.8591223,0
0.93427247,1
0.047949176,0
0.08887852,0
0.6833989,0
0.17653286,0
0.024024751,0
0.93186605,1
0.7267182,1
0.9962126,1
0.6268536,1
0.30925235,0
0.00608561,0
0.09148823,0
0.98895466,1
0.47621685,0
0.114300154,0
0.98654,1
0.96927845,1
0.37498525,1
0.9914794,1
0.0094807865,0
0.038981974,0
0.9849641,1
0.014837941,0
0.9208563,1
0.9125247,1
0.21219654,0
0.654897,1
0.29269087,1
0.9985897,1
0.006615562,0
0.050518386,0
0.008815832,0
0.9739748,1
0.26097754,0
0.91261464,1
0.15188956,1
0.0010568545,0
0.11301555,0
0.0072474056,0
0.7850854,1
0.95629615,1
0.9949077,1
0.08064572,0
0.85348403,1
0.07097746,0
0.64959824,0
0.87150204,1
0.9842788,1
0.007472259,0
0.9826578,1
0.9839557,1
0.87767,0
0.4741517,0
0.9524886,1
0.15656851,0
0.95941174,1
0.0077462518,0
0.62756157,0
0.99074346,1
0.99581206,1
0.87818784,1
0.95564336,1
0.9472562,0
0.9988562,1
0.5072851,1
0.9018494,1
0.92137396,1
0.28801212,0
0.67252254,1
0.6754751,1
0.0001640246,0
0.24185698,1
0.97300005,1
0.3499445,1
0.8310622,0
0.90853703,1
0.9992873,1
0.72018677,1
0.1066833,0
0.9250272,1
0.2198822,0
0.9956523,1
0.08162528,0
0.08986517,0
0.9402029,0
0.016658954,0
0.90724355,1
0.9111718,1
0.6857919,0
0.9375583,1
0.029042378,0
0.022608982,0
0.66952354,0
0.9517668,1
0.63681376,1
0.06849172,0
0.047798727,1
0.0108847,0
0.21158674,1
0.99224997,1
0.990847,1
0.8231782,0
0.025975037,0
0.11025061,0
0.78310156,1
0.8212534,1
0.89763176,1
0.99312055,1
0.7617632,1
0.08687852,0
0.065908305,0
0.9938491,1
0.17329478,0
0.8548709,1
0.053255312,0
0.054439776,0
0.99712676,1
0.20523378,0
0.74934614,1
0.039195985,0
0.97981185,1
0.022438312,0
0.1158309,0
0.11326053,0
0.5431325,0
0.9984983,1
0.013053578,0
0.997491,1
0.78518057,1
0.004631837,0
0.9943546,1
0.042712174,0
0.3083032,0
0.010852456,0
0.9962633,1
0.05260717,1
0.012802934,0
0.05510818,0
0.9929125,1
0.6235058,0
0.9658163,1
0.02703363,0
0.004392203,0
0.9445003,1
0.5070299,0
0.75495636,1
0.90610635,0
0.98050356,1
0.052999962,0
0.0056250994,0
0.9973051,1
0.99632657,1
0.05540412,0
0.0007805441,0
0.49946958,0
0.813814,0
0.7944914,1
0.9981472,1
0.9992428,1
0.99870527,1
0.78205746,0
0.9966642,1
0.88715,1
0.99543893,1
0.08448809,0
0.20610552,0
0.9958583,1
0.15429069,0
0.996504,1
0.13381839,0
0.9976451,1
0.9710685,1
0.12434228,0
0.9771897,1
0.37701052,0
0.023064496,1
0.99887884,1
0.9978255,1
0.99873245,1
0.20057163,1
0.5110734,1
0.8051855,1
0.9991001,1
0.93334305,1
0.0031213686,0
0.8472289,1
0.80860555,0
0.9950226,1
0.7855792,1
0.9355949,1
0.16221139,0
0.9919264,1
0.9952854,1
0.017184729,0
0.84687376,1
0.11228869,0
0.62021327,0
0.0016226086,0
0.10103458,0
0.99600726,1
0.980933,1
0.117304705,0
0.41970372,1
0.9908703,1
0.05802493,0
0.99915487,1
0.4090105,0
0.97033346,1
0.921512,1
0.67606425,1
0.0052835364,0
0.98953056,1
0.99260795,1
0.06418323,0
0.9932828,1
0.74840283,1
0.3021593,0
0.03574273,0
0.81597245,1
0.0012614531,0
0.94698286,1
0.99851,1
0.9227978,1
0.99881536,1
0.0045500235,0
0.98167866,1
0.9899408,1
0.9658262,1
0.21728852,0
0.99899787,1
0.19095528,0
0.7573781,1
0.022562338,0
0.95894325,1
0.96133506,1
0.03133559,0
0.97274685,1
0.9666616,1
0.9865319,1
0.96443784,1
0.9989562,1
0.006414415,0
0.14766432,0
0.00068235624,0
0.999684,1
0.062900364,0
0.95821065,1
0.9987546,1
0.15272935,0
0.08192212,0
0.9869747,1
0.2848109,0
0.0077399937,0
0.008964469,0
0.10175483,0
0.9932024,1
0.99948347,1
0.9990206,1
0.16246216,0
0.82127726,1
0.998967,1
0.06462532,0
0.9369491,1
0.09200674,0
0.40606365,0
0.9921228,1
0.9851715,1
0.9968072,1
0.99569625,1
0.8179045,1
0.9998263,1
0.97984916,1
0.9863802,1
0.96942693,1
0.17156373,0
0.0040336787,0
0.078300476,0
0.9743789,1
0.9366745,1
0.99890983,1
0.96453017,1
0.88164854,1
0.27404633,0
0.977931,1
0.0007540283,0
0.8111911,1
0.84935397,1
0.9984865,1
0.7300379,1
0.048169434,0
0.35671794,0
0.956956,1
0.16760384,0
0.95913965,1
0.042821843,0
0.9717501,1
0.044611618,0
0.3033861,0
0.32203513,1
0.22949441,1
0.975194,1
0.93159217,1
0.98622835,1
0.5508139,0
0.98014706,1
0.99225503,1
0.99816954,1
0.91564876,1
0.6540271,1
0.93333566,1
0.90499943,1
0.0006422437,0
0.013202307,0
0.24172243,0
0.99101144,1
0.400416,0
0.917246,1
0.5388951,0
0.5928477,1
0.0035566755,0
0.99943095,1
0.001714648,0
0.02390056,0
0.007967118,0
0.9349073,1
0.17419675,0
0.976899,1
0.009799994,0
0.009937422,0
0.021801967,0
0.9982511,1
0.880987,1
0.970901,1
0.9968072,1
0.6103913,1
0.997969,1
0.9965984,1
0.9864372,1
0.72012633,1
0.9912737,1
0.980501,1
0.77266985,0
0.5100281,0
0.0300928,0
0.14408308,1
0.056169003,0
0.00232241,0
0.0007496285,0
0.9976851,1
0.979811,1
0.0013686671,0
0.037746705,0
0.9674951,1
0.13736619,1
0.050382555,0
0.9212812,1
0.64335954,0
0.98866653,1
0.10231198,0
0.05835588,0
0.8764553,1
0.9898545,1
0.9988278,1
0.99818593,1
0.99936694,1
0.0030440195,0
0.99789846,1
0.90038097,1
0.57041115,0
0.99685085,1
0.99233246,1
0.9957487,1
0.98206246,1
0.00026217932,0
0.26603186,0
0.0050118202,0
0.99815243,1
0.97747576,1
0.99247086,1
0.0006734376,0
0.446263,1
0.9295621,1
0.96808493,1
0.34474266,1
0.8233448,1
0.5554548,0
0.32064784,1
0.99190533,1
0.99796706,1
0.9966899,1
0.30443636,0
0.99932754,1
0.8895615,1
0.89101684,1
0.0050151646,0
0.051464908,0
0.0006080116,0
0.0061153052,0
0.0036721167,0
0.99819344,1
0.9544498,1
0.98304737,1
0.04503911,0
0.4140151,1
0.023665717,0
0.68929803,1
0.9631432,1
0.9977237,1
0.9568399,1
0.06531541,0
0.031553313,0
0.06420049,0
0.021540685,0
0.0017098213,0
0.99556196,1
0.9599183,1
0.9891461,1
0.97771466,1
0.025747433,0
0.9975017,1
0.9773038,1
0.80893624,1
0.9989893,1
0.7100574,1
0.9718736,1
0.10887241,0
0.99560654,1
0.08132175,0
0.9749352,1
0.0023986103,0
0.01846011,0
0.9933499,1
0.29561788,1
0.23825446,1
0.9916786,1
0.70944136,1
0.8452207,1
0.0007299526,0
0.6613745,1
0.9879352,1
0.9792012,1
0.015342173,0
0.98079526,1
0.9958035,1
0.78034174,1
0.025468398,0
0.69152284,1
0.9956505,1
0.3459962,0
0.9798376,1
0.99892884,1
0.04414374,0
0.0025182709,0
0.0074659027,0
0.016430844,0
0.9774089,1
0.68106264,0
0.92663366,1
0.9397734,1
0.023269117,0
0.93448675,1
0.134475,0
0.994455,1
0.5468025,1
0.5923399,1
0.0058352146,0
0.85551417,0
0.5802307,1
0.01067741,0
0.9973647,1
0.0074808644,0
0.4800226,0
0.97448957,1
0.27962282,0
0.2202882,0
0.0049382737,0
0.9987181,1
0.85738456,1
0.87674123,1
0.02355193,0
0.01577971,0
0.6134332,0
0.34900165,0
0.06536156,0
0.06888627,0
0.20910671,0
0.08535688,0
0.06931374,0
0.17451034,0
0.001051109,0
0.007350021,0
0.039459433,0
0.04102472,0
0.86140364,1
0.06882504,0
0.9935088,1
0.051863324,0
0.7175319,1
0.69834626,1
0.9667307,1
0.40286607,1
0.10711025,0
0.8067821,1
0.90103686,1
0.15231648,0
0.07422696,0
0.2312741,0
0.20600864,0
